{
  "Ansi 6 Color" : {
    "Green Component" : 0.64633101224899292,
    "Red Component" : 0.43781715631484985,
    "Blue Component" : 0.59465551376342773
  },
  "Tags" : [

  ],
  "Ansi 12 Color" : {
    "Green Component" : 0.59102588891983032,
    "Red Component" : 0.096501544117927551,
    "Blue Component" : 0.77801346778869629
  },
  "Ansi 7 Color" : {
    "Green Component" : 0.86175870895385742,
    "Red Component" : 0.97308963537216187,
    "Blue Component" : 0.75428962707519531
  },
  "Draw Powerline Glyphs" : true,
  "Bold Color" : {
    "Green Component" : 0,
    "Red Component" : 0.73976802825927734,
    "Blue Component" : 0.075083047151565552
  },
  "Ansi 8 Color" : {
    "Green Component" : 0.48549851775169373,
    "Red Component" : 0.30726605653762817,
    "Blue Component" : 0.7491685152053833
  },
  "Ansi 9 Color" : {
    "Green Component" : 0.37095117568969727,
    "Red Component" : 0.98876720666885376,
    "Blue Component" : 0.35247993469238281
  },
  "Custom Directory" : "No",
  "Rows" : 25,
  "Default Bookmark" : "No",
  "Right Option Key Sends" : 0,
  "Cursor Guide Color" : {
    "Red Component" : 0.70213186740875244,
    "Color Space" : "sRGB",
    "Blue Component" : 1,
    "Alpha Component" : 0.25,
    "Green Component" : 0.9268307089805603
  },
  "Non-ASCII Anti Aliased" : true,
  "Use Bright Bold" : true,
  "Ansi 10 Color" : {
    "Green Component" : 1,
    "Red Component" : 0.61819148063659668,
    "Blue Component" : 0.43171143531799316
  },
  "Ambiguous Double Width" : false,
  "Jobs to Ignore" : [
    "rlogin",
    "ssh",
    "slogin",
    "telnet"
  ],
  "Ansi 15 Color" : {
    "Green Component" : 0.96043074131011963,
    "Red Component" : 0.96449893712997437,
    "Blue Component" : 0.98438382148742676
  },
  "Foreground Color" : {
    "Green Component" : 0.86175870895385742,
    "Red Component" : 0.97308963537216187,
    "Blue Component" : 0.75428962707519531
  },
  "Bound Hosts" : [

  ],
  "Working Directory" : "\/Users\/azemetre",
  "Blinking Cursor" : false,
  "Disable Window Resizing" : true,
  "Sync Title" : false,
  "Prompt Before Closing 2" : 1,
  "BM Growl" : true,
  "Command" : "",
  "Description" : "Default",
  "Mouse Reporting" : true,
  "Screen" : -1,
  "Selection Color" : {
    "Green Component" : 0.41871801018714905,
    "Red Component" : 0.43789717555046082,
    "Blue Component" : 0.30699285864830017
  },
  "Columns" : 80,
  "Idle Code" : 0,
  "Ansi 13 Color" : {
    "Green Component" : 0.34950375556945801,
    "Red Component" : 0.60686224699020386,
    "Blue Component" : 0.32394066452980042
  },
  "Custom Command" : "No",
  "ASCII Anti Aliased" : true,
  "Non Ascii Font" : "MesloLGS-NF-Regular 15",
  "Vertical Spacing" : 1,
  "Use Bold Font" : true,
  "Option Key Sends" : 0,
  "Selected Text Color" : {
    "Green Component" : 0.85237473249435425,
    "Red Component" : 0.95287787914276123,
    "Blue Component" : 0.767447829246521
  },
  "Background Color" : {
    "Green Component" : 0.11274909973144531,
    "Red Component" : 0.12003477662801743,
    "Blue Component" : 0.27054747939109802
  },
  "Character Encoding" : 4,
  "Ansi 11 Color" : {
    "Green Component" : 0.7578997015953064,
    "Red Component" : 0.93761706352233887,
    "Blue Component" : 0.10242157429456711
  },
  "Use Italic Font" : true,
  "Unlimited Scrollback" : true,
  "Keyboard Map" : {
    "0xf700-0x260000" : {
      "Text" : "[1;6A",
      "Action" : 10
    },
    "0x37-0x40000" : {
      "Text" : "0x1f",
      "Action" : 11
    },
    "0x32-0x40000" : {
      "Text" : "0x00",
      "Action" : 11
    },
    "0xf709-0x20000" : {
      "Text" : "[17;2~",
      "Action" : 10
    },
    "0xf70c-0x20000" : {
      "Text" : "[20;2~",
      "Action" : 10
    },
    "0xf729-0x20000" : {
      "Text" : "[1;2H",
      "Action" : 10
    },
    "0xf72b-0x40000" : {
      "Text" : "[1;5F",
      "Action" : 10
    },
    "0xf705-0x20000" : {
      "Text" : "[1;2Q",
      "Action" : 10
    },
    "0xf703-0x260000" : {
      "Text" : "[1;6C",
      "Action" : 10
    },
    "0xf700-0x220000" : {
      "Text" : "[1;2A",
      "Action" : 10
    },
    "0xf701-0x280000" : {
      "Text" : "0x1b 0x1b 0x5b 0x42",
      "Action" : 11
    },
    "0x38-0x40000" : {
      "Text" : "0x7f",
      "Action" : 11
    },
    "0x33-0x40000" : {
      "Text" : "0x1b",
      "Action" : 11
    },
    "0xf703-0x220000" : {
      "Text" : "[1;2C",
      "Action" : 10
    },
    "0xf701-0x240000" : {
      "Text" : "[1;5B",
      "Action" : 10
    },
    "0xf70d-0x20000" : {
      "Text" : "[21;2~",
      "Action" : 10
    },
    "0xf702-0x260000" : {
      "Text" : "[1;6D",
      "Action" : 10
    },
    "0xf729-0x40000" : {
      "Text" : "[1;5H",
      "Action" : 10
    },
    "0xf706-0x20000" : {
      "Text" : "[1;2R",
      "Action" : 10
    },
    "0x34-0x40000" : {
      "Text" : "0x1c",
      "Action" : 11
    },
    "0xf700-0x280000" : {
      "Text" : "0x1b 0x1b 0x5b 0x41",
      "Action" : 11
    },
    "0x2d-0x40000" : {
      "Text" : "0x1f",
      "Action" : 11
    },
    "0xf70e-0x20000" : {
      "Text" : "[23;2~",
      "Action" : 10
    },
    "0xf702-0x220000" : {
      "Text" : "[1;2D",
      "Action" : 10
    },
    "0xf703-0x280000" : {
      "Text" : "0x1b 0x1b 0x5b 0x43",
      "Action" : 11
    },
    "0xf700-0x240000" : {
      "Text" : "[1;5A",
      "Action" : 10
    },
    "0xf707-0x20000" : {
      "Text" : "[1;2S",
      "Action" : 10
    },
    "0xf70a-0x20000" : {
      "Text" : "[18;2~",
      "Action" : 10
    },
    "0x35-0x40000" : {
      "Text" : "0x1d",
      "Action" : 11
    },
    "0xf70f-0x20000" : {
      "Text" : "[24;2~",
      "Action" : 10
    },
    "0xf703-0x240000" : {
      "Text" : "[1;5C",
      "Action" : 10
    },
    "0xf701-0x260000" : {
      "Text" : "[1;6B",
      "Action" : 10
    },
    "0xf702-0x280000" : {
      "Text" : "0x1b 0x1b 0x5b 0x44",
      "Action" : 11
    },
    "0xf72b-0x20000" : {
      "Text" : "[1;2F",
      "Action" : 10
    },
    "0x36-0x40000" : {
      "Text" : "0x1e",
      "Action" : 11
    },
    "0xf708-0x20000" : {
      "Text" : "[15;2~",
      "Action" : 10
    },
    "0xf701-0x220000" : {
      "Text" : "[1;2B",
      "Action" : 10
    },
    "0xf70b-0x20000" : {
      "Text" : "[19;2~",
      "Action" : 10
    },
    "0xf702-0x240000" : {
      "Text" : "[1;5D",
      "Action" : 10
    },
    "0xf704-0x20000" : {
      "Text" : "[1;2P",
      "Action" : 10
    }
  },
  "Window Type" : 0,
  "Blur Radius" : 1.6567239054568523,
  "Background Image Location" : "",
  "Blur" : true,
  "Badge Color" : {
    "Red Component" : 1,
    "Color Space" : "sRGB",
    "Blue Component" : 0,
    "Alpha Component" : 0.5,
    "Green Component" : 0.1491314172744751
  },
  "Scrollback Lines" : 0,
  "Send Code When Idle" : false,
  "Close Sessions On End" : true,
  "Terminal Type" : "xterm-256color",
  "Visual Bell" : true,
  "Flashing Bell" : false,
  "Silence Bell" : false,
  "Ansi 14 Color" : {
    "Green Component" : 0.97915208339691162,
    "Red Component" : 0.78500419855117798,
    "Blue Component" : 0.95550096035003662
  },
  "ASCII Ligatures" : true,
  "Name" : "azemetre",
  "Cursor Text Color" : {
    "Green Component" : 0.032785907387733459,
    "Red Component" : 0.02988031692802906,
    "Blue Component" : 0.037519864737987518
  },
  "Shortcut" : "",
  "Cursor Color" : {
    "Green Component" : 0.74987590312957764,
    "Red Component" : 0.93704277276992798,
    "Blue Component" : 0.21945112943649292
  },
  "Transparency" : 0.12665172906091371,
  "Guid" : "70BECFEC-85FC-4880-AC15-3585FCD1831C",
  "Ansi 2 Color" : {
    "Green Component" : 0.6950421929359436,
    "Red Component" : 0.28945007920265198,
    "Blue Component" : 0.092498354613780975
  },
  "Ansi 3 Color" : {
    "Green Component" : 0.45553147792816162,
    "Red Component" : 0.90543299913406372,
    "Blue Component" : 0.1164485365152359
  },
  "Ansi 4 Color" : {
    "Green Component" : 0.28880593180656433,